Supplier Name,Supplier Mail,Supplier  Contact
Cisco,abcd@mail.com,1234567890
HP,abhp@mail.com,1980762345
Netgear,Neger@mail.com,9256476541
Broadcom,brcom@mail.com,1759731673
BELL,blee@mail.com,1256476893
Cardcom,cdcom@mail.com,1314732575
Netgear,Neger@mail.com,9256476541
Netgear,Neger@mail.com,9256476541
Broadcom,brcom@mail.com,1759731674
Netgear,Neger@mail.com,9256476541
Synergy,synerg@mail.com,7865434960
Cisco,abcd@mail.com,1234567890
HP,abhp@mail.com,1980762345
Netgear,Neger@mail.com,9256476541
Broadcom,brcom@mail.com,1759731673
BELL,blee@mail.com,1256476894
Cardcom,cdcom@mail.com,1314732576
Netgear,Neger@mail.com,9256476541
Netgear,Neger@mail.com,9256476541
Broadcom,brcom@mail.com,1759731673
Netgear,Neger@mail.com,9256476542
Synergy,synerg@mail.com,7865434961
Cisco,abcd@mail.com,1234567890
HP,abhp@mail.com,1980762345
Netgear,Neger@mail.com,9256476541
Broadcom,brcom@mail.com,1759731673
BELL,blee@mail.com,1256476893
Cardcom,cdcom@mail.com,1314732575
Netgear,Neger@mail.com,9256476541
Netgear,Neger@mail.com,9256476541
Broadcom,brcom@mail.com,1759731674
Netgear,Neger@mail.com,9256476541
Synergy,synerg@mail.com,7865434960
Cisco,abcd@mail.com,1234567890
HP,abhp@mail.com,1980762345
Netgear,Neger@mail.com,9256476541
Broadcom,brcom@mail.com,1759731673
BELL,blee@mail.com,1256476894
Cardcom,cdcom@mail.com,1314732576
Netgear,Neger@mail.com,9256476541
Netgear,Neger@mail.com,9256476541
Broadcom,brcom@mail.com,1759731673
Netgear,Neger@mail.com,9256476542
Synergy,synerg@mail.com,7865434961
Cisco,abcd@mail.com,1234567890
HP,abhp@mail.com,1980762345
Netgear,Neger@mail.com,9256476541
Broadcom,brcom@mail.com,1759731673
BELL,blee@mail.com,1256476894
Cardcom,cdcom@mail.com,1314732576
Netgear,Neger@mail.com,9256476541
Netgear,Neger@mail.com,9256476541
Broadcom,brcom@mail.com,1759731673
Netgear,Neger@mail.com,9256476542
Synergy,synerg@mail.com,7865434961
Netgear,Neger@mail.com,9256476542
Cisco,abcd@mail.com,1234567890
HP,abhp@mail.com,1980762345
Netgear,Neger@mail.com,9256476541
Broadcom,brcom@mail.com,1759731673
BELL,blee@mail.com,1256476894
Cardcom,cdcom@mail.com,1314732576
Netgear,Neger@mail.com,9256476541
Netgear,Neger@mail.com,9256476541
Netgear,Neger@mail.com,9256476542
Synergy,synerg@mail.com,7865434961
BELL,blee@mail.com,1256476895
BELL,blee@mail.com,1256476896
Broadcom,brcom@mail.com,1759731674
Cisco,abcd@mail.com,1234567890
Cisco,abcd@mail.com,1234567890
HP,abhp@mail.com,1980762345
BELL,blee@mail.com,1234567890
Netgear,Neger@mail.com,9256476542
Synergy,synerg@mail.com,7865434961
Cardcom,cdcom@mail.com,1314732576
Broadcom,brcom@mail.com,1759731674
Cisco,abcd@mail.com,1234567890
HP,abhp@mail.com,1980762345
Netgear,Neger@mail.com,9256476542
Cisco ,support@cisco.com,1234567890
Cisco ,support@cisco.com,1234567890
FiberTech Inc.,info@fibertech.com,9875429902
Netgear,sales@netgear.com,9256476541
OptiFiber Co.,sales@optifiber.com,8944200472
Cisco ,support@cisco.com,1234567890
NexGen ,contact@nexgen.com,5690244343
Huawei ,sales@huawei.com,7764334977
Juniper Networks,sales@juniper.net,8920323094
TP-Link,support@tp-link.com,9022323545
TechSupplies Inc.,contact@techsupplies.com,7892323545
NetGear Pro,sales@netgearpro.com,9256476542
OptiTech Co.,info@optitech.com,8920332194
DataConnect Ltd.,orders@dataconnect.com,8976422194
RF Solutions,support@rfsolutions.com,9055323545
CardHub Systems,cards@cardhub.com,8976422224
SignalWorks Inc.,inquiries@signalworks.com,9055325545
TechSupplies Inc.,contact@techsupplies.com,7892323545
NetGear Pro,sales@netgearpro.com,9256476542
OptiTech Co.,info@optitech.com,8920332194
Cisco,abcd@mail.com,1234567890
HP,abhp@mail.com,1980762345
Netgear,Neger@mail.com,9256476541
Broadcom,brcom@mail.com,1759731673
BELL,blee@mail.com,1256476893
Cardcom,cdcom@mail.com,1314732575
Netgear,Neger@mail.com,9256476541
Netgear,Neger@mail.com,9256476541
Broadcom,brcom@mail.com,1759731674
Netgear,Neger@mail.com,9256476541
Synergy,synerg@mail.com,7865434960
Cisco,abcd@mail.com,1234567890
HP,abhp@mail.com,1980762345
Netgear,Neger@mail.com,9256476541
Broadcom,brcom@mail.com,1759731673
BELL,blee@mail.com,1256476894
Cardcom,cdcom@mail.com,1314732576
Netgear,Neger@mail.com,9256476541
Netgear,Neger@mail.com,9256476541
Broadcom,brcom@mail.com,1759731673
Netgear,Neger@mail.com,9256476542
Synergy,synerg@mail.com,7865434961
Cisco,abcd@mail.com,1234567890
HP,abhp@mail.com,1980762345
Netgear,Neger@mail.com,9256476541
Broadcom,brcom@mail.com,1759731673
BELL,blee@mail.com,1256476893
Cardcom,cdcom@mail.com,1314732575
Netgear,Neger@mail.com,9256476541
Netgear,Neger@mail.com,9256476541
Broadcom,brcom@mail.com,1759731674
Netgear,Neger@mail.com,9256476541
Synergy,synerg@mail.com,7865434960
Cisco,abcd@mail.com,1234567890
HP,abhp@mail.com,1980762345
Netgear,Neger@mail.com,9256476541
Broadcom,brcom@mail.com,1759731673
BELL,blee@mail.com,1256476894
Cardcom,cdcom@mail.com,1314732576
Netgear,Neger@mail.com,9256476541
Netgear,Neger@mail.com,9256476541
Broadcom,brcom@mail.com,1759731673
Netgear,Neger@mail.com,9256476542
Synergy,synerg@mail.com,7865434961
Cisco,abcd@mail.com,1234567890
HP,abhp@mail.com,1980762345
Netgear,Neger@mail.com,9256476541
Broadcom,brcom@mail.com,1759731673
BELL,blee@mail.com,1256476894
Cardcom,cdcom@mail.com,1314732576
Netgear,Neger@mail.com,9256476541
Netgear,Neger@mail.com,9256476541
Broadcom,brcom@mail.com,1759731673
Netgear,Neger@mail.com,9256476542
Synergy,synerg@mail.com,7865434961
Netgear,Neger@mail.com,9256476542
Cisco,abcd@mail.com,1234567890
HP,abhp@mail.com,1980762345
Netgear,Neger@mail.com,9256476541
Broadcom,brcom@mail.com,1759731673
BELL,blee@mail.com,1256476894
Cardcom,cdcom@mail.com,1314732576
Netgear,Neger@mail.com,9256476541
Netgear,Neger@mail.com,9256476541
Netgear,Neger@mail.com,9256476542
Synergy,synerg@mail.com,7865434961
BELL,blee@mail.com,1256476895
BELL,blee@mail.com,1256476896
Broadcom,brcom@mail.com,1759731674
Cisco,abcd@mail.com,1234567890
Cisco,abcd@mail.com,1234567890
HP,abhp@mail.com,1980762345
BELL,blee@mail.com,1234567890
Netgear,Neger@mail.com,9256476542
Synergy,synerg@mail.com,7865434961
Cardcom,cdcom@mail.com,1314732576
Broadcom,brcom@mail.com,1759731674
Cisco,abcd@mail.com,1234567890
HP,abhp@mail.com,1980762345
Netgear,Neger@mail.com,9256476542
Cisco ,support@cisco.com,1234567890
Cisco ,support@cisco.com,1234567890
FiberTech Inc.,info@fibertech.com,9875429902
Netgear,sales@netgear.com,9256476541
OptiFiber Co.,sales@optifiber.com,8944200472
Cisco ,support@cisco.com,1234567890
NexGen ,contact@nexgen.com,5690244343
Huawei ,sales@huawei.com,7764334977
Juniper Networks,sales@juniper.net,8920323094
TP-Link,support@tp-link.com,9022323545
TechSupplies Inc.,contact@techsupplies.com,7892323545
NetGear Pro,sales@netgearpro.com,9256476542
OptiTech Co.,info@optitech.com,8920332194
DataConnect Ltd.,orders@dataconnect.com,8976422194
RF Solutions,support@rfsolutions.com,9055323545
CardHub Systems,cards@cardhub.com,8976422224
SignalWorks Inc.,inquiries@signalworks.com,9055325545
TechSupplies Inc.,contact@techsupplies.com,7892323545
NetGear Pro,sales@netgearpro.com,9256476542
OptiTech Co.,info@optitech.com,8920332194
OptiTech Co.,info@optitech.com,8920332194
Cisco,abcd@mail.com,1234567890
HP,abhp@mail.com,1980762345
Netgear,Neger@mail.com,9256476541
Broadcom,brcom@mail.com,1759731673
BELL,blee@mail.com,1256476893
Cardcom,cdcom@mail.com,1314732575
Netgear,Neger@mail.com,9256476541
Netgear,Neger@mail.com,9256476541
Broadcom,brcom@mail.com,1759731674
Netgear,Neger@mail.com,9256476541
Synergy,synerg@mail.com,7865434960
Cisco,abcd@mail.com,1234567890
HP,abhp@mail.com,1980762345
Netgear,Neger@mail.com,9256476541
Broadcom,brcom@mail.com,1759731673
BELL,blee@mail.com,1256476894
Cardcom,cdcom@mail.com,1314732576
Netgear,Neger@mail.com,9256476541
Netgear,Neger@mail.com,9256476541
Broadcom,brcom@mail.com,1759731673
Netgear,Neger@mail.com,9256476542
Synergy,synerg@mail.com,7865434961
Cisco,abcd@mail.com,1234567890
HP,abhp@mail.com,1980762345
Netgear,Neger@mail.com,9256476541
Broadcom,brcom@mail.com,1759731673
BELL,blee@mail.com,1256476893
Cardcom,cdcom@mail.com,1314732575
Netgear,Neger@mail.com,9256476541
Netgear,Neger@mail.com,9256476541
Broadcom,brcom@mail.com,1759731674
Netgear,Neger@mail.com,9256476541
Synergy,synerg@mail.com,7865434960
Cisco,abcd@mail.com,1234567890
HP,abhp@mail.com,1980762345
Netgear,Neger@mail.com,9256476541
Broadcom,brcom@mail.com,1759731673
BELL,blee@mail.com,1256476894
Cardcom,cdcom@mail.com,1314732576
Netgear,Neger@mail.com,9256476541
Netgear,Neger@mail.com,9256476541
Broadcom,brcom@mail.com,1759731673
Netgear,Neger@mail.com,9256476542
Synergy,synerg@mail.com,7865434961
Cisco,abcd@mail.com,1234567890
HP,abhp@mail.com,1980762345
Netgear,Neger@mail.com,9256476541
Broadcom,brcom@mail.com,1759731673
BELL,blee@mail.com,1256476894
Cardcom,cdcom@mail.com,1314732576
Netgear,Neger@mail.com,9256476541
Netgear,Neger@mail.com,9256476541
Broadcom,brcom@mail.com,1759731673
Netgear,Neger@mail.com,9256476542
Synergy,synerg@mail.com,7865434961
Netgear,Neger@mail.com,9256476542
Cisco,abcd@mail.com,1234567890
HP,abhp@mail.com,1980762345
Netgear,Neger@mail.com,9256476541
Broadcom,brcom@mail.com,1759731673
BELL,blee@mail.com,1256476894
Cardcom,cdcom@mail.com,1314732576
Netgear,Neger@mail.com,9256476541
Netgear,Neger@mail.com,9256476541
Netgear,Neger@mail.com,9256476542
Synergy,synerg@mail.com,7865434961
BELL,blee@mail.com,1256476895
BELL,blee@mail.com,1256476896
Broadcom,brcom@mail.com,1759731674
Cisco,abcd@mail.com,1234567890
Cisco,abcd@mail.com,1234567890
HP,abhp@mail.com,1980762345
BELL,blee@mail.com,1234567890
Netgear,Neger@mail.com,9256476542
Synergy,synerg@mail.com,7865434961
Cardcom,cdcom@mail.com,1314732576
Broadcom,brcom@mail.com,1759731674
Cisco,abcd@mail.com,1234567890
HP,abhp@mail.com,1980762345
Netgear,Neger@mail.com,9256476542
Cisco ,support@cisco.com,1234567890
Cisco ,support@cisco.com,1234567890
FiberTech Inc.,info@fibertech.com,9875429902
Netgear,sales@netgear.com,9256476541
OptiFiber Co.,sales@optifiber.com,8944200472
Cisco ,support@cisco.com,1234567890
NexGen ,contact@nexgen.com,5690244343
Huawei ,sales@huawei.com,7764334977
Juniper Networks,sales@juniper.net,8920323094
TP-Link,support@tp-link.com,9022323545
TechSupplies Inc.,contact@techsupplies.com,7892323545
NetGear Pro,sales@netgearpro.com,9256476542
OptiTech Co.,info@optitech.com,8920332194
DataConnect Ltd.,orders@dataconnect.com,8976422194
RF Solutions,support@rfsolutions.com,9055323545
CardHub Systems,cards@cardhub.com,8976422224
SignalWorks Inc.,inquiries@signalworks.com,9055325545
TechSupplies Inc.,contact@techsupplies.com,7892323545
NetGear Pro,sales@netgearpro.com,9256476542
Cisco,abcd@mail.com,1234567890
HP,abhp@mail.com,1980762345
Netgear,Neger@mail.com,9256476541
Broadcom,brcom@mail.com,1759731673
BELL,blee@mail.com,1256476893
Cardcom,cdcom@mail.com,1314732575
Netgear,Neger@mail.com,9256476541
Netgear,Neger@mail.com,9256476541
Broadcom,brcom@mail.com,1759731674
Netgear,Neger@mail.com,9256476541
Synergy,synerg@mail.com,7865434960
Cisco,abcd@mail.com,1234567890
HP,abhp@mail.com,1980762345
Netgear,Neger@mail.com,9256476541
Broadcom,brcom@mail.com,1759731673
BELL,blee@mail.com,1256476894
Cardcom,cdcom@mail.com,1314732576
Netgear,Neger@mail.com,9256476541
Netgear,Neger@mail.com,9256476541
Broadcom,brcom@mail.com,1759731673
Netgear,Neger@mail.com,9256476542
Synergy,synerg@mail.com,7865434961
Cisco,abcd@mail.com,1234567890
HP,abhp@mail.com,1980762345
Netgear,Neger@mail.com,9256476541
Broadcom,brcom@mail.com,1759731673
BELL,blee@mail.com,1256476893
Cardcom,cdcom@mail.com,1314732575
Netgear,Neger@mail.com,9256476541
Netgear,Neger@mail.com,9256476541
Broadcom,brcom@mail.com,1759731674
Netgear,Neger@mail.com,9256476541
Synergy,synerg@mail.com,7865434960
Cisco,abcd@mail.com,1234567890
HP,abhp@mail.com,1980762345
Netgear,Neger@mail.com,9256476541
Broadcom,brcom@mail.com,1759731673
BELL,blee@mail.com,1256476894
Cardcom,cdcom@mail.com,1314732576
Netgear,Neger@mail.com,9256476541
Netgear,Neger@mail.com,9256476541
Broadcom,brcom@mail.com,1759731673
Netgear,Neger@mail.com,9256476542
Synergy,synerg@mail.com,7865434961
Cisco,abcd@mail.com,1234567890
HP,abhp@mail.com,1980762345
Netgear,Neger@mail.com,9256476541
Broadcom,brcom@mail.com,1759731673
BELL,blee@mail.com,1256476894
Cardcom,cdcom@mail.com,1314732576
Netgear,Neger@mail.com,9256476541
Netgear,Neger@mail.com,9256476541
Broadcom,brcom@mail.com,1759731673
Netgear,Neger@mail.com,9256476542
Synergy,synerg@mail.com,7865434961
Netgear,Neger@mail.com,9256476542
Cisco,abcd@mail.com,1234567890
HP,abhp@mail.com,1980762345
Netgear,Neger@mail.com,9256476541
Broadcom,brcom@mail.com,1759731673
BELL,blee@mail.com,1256476894
Cardcom,cdcom@mail.com,1314732576
Netgear,Neger@mail.com,9256476541
Netgear,Neger@mail.com,9256476541
Netgear,Neger@mail.com,9256476542
Synergy,synerg@mail.com,7865434961
BELL,blee@mail.com,1256476895
BELL,blee@mail.com,1256476896
Broadcom,brcom@mail.com,1759731674
Cisco,abcd@mail.com,1234567890
Cisco,abcd@mail.com,1234567890
HP,abhp@mail.com,1980762345
BELL,blee@mail.com,1234567890
Netgear,Neger@mail.com,9256476542
Synergy,synerg@mail.com,7865434961
Cardcom,cdcom@mail.com,1314732576
Broadcom,brcom@mail.com,1759731674
Cisco,abcd@mail.com,1234567890
HP,abhp@mail.com,1980762345
Netgear,Neger@mail.com,9256476542
Cisco ,support@cisco.com,1234567890
Cisco ,support@cisco.com,1234567890
FiberTech Inc.,info@fibertech.com,9875429902
Netgear,sales@netgear.com,9256476541
OptiFiber Co.,sales@optifiber.com,8944200472
Cisco ,support@cisco.com,1234567890
NexGen ,contact@nexgen.com,5690244343
Huawei ,sales@huawei.com,7764334977
Juniper Networks,sales@juniper.net,8920323094
TP-Link,support@tp-link.com,9022323545
TechSupplies Inc.,contact@techsupplies.com,7892323545
NetGear Pro,sales@netgearpro.com,9256476542
OptiTech Co.,info@optitech.com,8920332194
DataConnect Ltd.,orders@dataconnect.com,8976422194
RF Solutions,support@rfsolutions.com,9055323545
CardHub Systems,cards@cardhub.com,8976422224
SignalWorks Inc.,inquiries@signalworks.com,9055325545
TechSupplies Inc.,contact@techsupplies.com,7892323545
NetGear Pro,sales@netgearpro.com,9256476542
OptiTech Co.,info@optitech.com,8920332194
OptiTech Co.,info@optitech.com,8920332194
Cisco,abcd@mail.com,1234567890
HP,abhp@mail.com,1980762345
Netgear,Neger@mail.com,9256476541
Broadcom,brcom@mail.com,1759731673
BELL,blee@mail.com,1256476893
Cardcom,cdcom@mail.com,1314732575
Netgear,Neger@mail.com,9256476541
Netgear,Neger@mail.com,9256476541
Broadcom,brcom@mail.com,1759731674
Netgear,Neger@mail.com,9256476541
Synergy,synerg@mail.com,7865434960
Cisco,abcd@mail.com,1234567890
HP,abhp@mail.com,1980762345
Netgear,Neger@mail.com,9256476541
Broadcom,brcom@mail.com,1759731673
BELL,blee@mail.com,1256476894
Cardcom,cdcom@mail.com,1314732576
Netgear,Neger@mail.com,9256476541
Netgear,Neger@mail.com,9256476541
Broadcom,brcom@mail.com,1759731673
Netgear,Neger@mail.com,9256476542
Synergy,synerg@mail.com,7865434961
Cisco,abcd@mail.com,1234567890
HP,abhp@mail.com,1980762345
Netgear,Neger@mail.com,9256476541
Broadcom,brcom@mail.com,1759731673
BELL,blee@mail.com,1256476893
Cardcom,cdcom@mail.com,1314732575
Netgear,Neger@mail.com,9256476541
Netgear,Neger@mail.com,9256476541
Broadcom,brcom@mail.com,1759731674
Netgear,Neger@mail.com,9256476541
Synergy,synerg@mail.com,7865434960
Cisco,abcd@mail.com,1234567890
HP,abhp@mail.com,1980762345
Netgear,Neger@mail.com,9256476541
Broadcom,brcom@mail.com,1759731673
BELL,blee@mail.com,1256476894
Cardcom,cdcom@mail.com,1314732576
Netgear,Neger@mail.com,9256476541
Netgear,Neger@mail.com,9256476541
Broadcom,brcom@mail.com,1759731673
Netgear,Neger@mail.com,9256476542
Synergy,synerg@mail.com,7865434961
Cisco,abcd@mail.com,1234567890
HP,abhp@mail.com,1980762345
Netgear,Neger@mail.com,9256476541
Broadcom,brcom@mail.com,1759731673
BELL,blee@mail.com,1256476894
Cardcom,cdcom@mail.com,1314732576
Netgear,Neger@mail.com,9256476541
Netgear,Neger@mail.com,9256476541
Broadcom,brcom@mail.com,1759731673
Netgear,Neger@mail.com,9256476542
Synergy,synerg@mail.com,7865434961
Netgear,Neger@mail.com,9256476542
Cisco,abcd@mail.com,1234567890
HP,abhp@mail.com,1980762345
Netgear,Neger@mail.com,9256476541
Broadcom,brcom@mail.com,1759731673
BELL,blee@mail.com,1256476894
Cardcom,cdcom@mail.com,1314732576
Netgear,Neger@mail.com,9256476541
Netgear,Neger@mail.com,9256476541
Netgear,Neger@mail.com,9256476542
Synergy,synerg@mail.com,7865434961
BELL,blee@mail.com,1256476895
BELL,blee@mail.com,1256476896
Broadcom,brcom@mail.com,1759731674
Cisco,abcd@mail.com,1234567890
Cisco,abcd@mail.com,1234567890
HP,abhp@mail.com,1980762345
BELL,blee@mail.com,1234567890
Netgear,Neger@mail.com,9256476542
Synergy,synerg@mail.com,7865434961
Cardcom,cdcom@mail.com,1314732576
Broadcom,brcom@mail.com,1759731674
Cisco,abcd@mail.com,1234567890
HP,abhp@mail.com,1980762345
Netgear,Neger@mail.com,9256476542
Cisco ,support@cisco.com,1234567890
Cisco ,support@cisco.com,1234567890
FiberTech Inc.,info@fibertech.com,9875429902
Netgear,sales@netgear.com,9256476541
OptiFiber Co.,sales@optifiber.com,8944200472
Cisco ,support@cisco.com,1234567890
NexGen ,contact@nexgen.com,5690244343
Huawei ,sales@huawei.com,7764334977
Juniper Networks,sales@juniper.net,8920323094
TP-Link,support@tp-link.com,9022323545
TechSupplies Inc.,contact@techsupplies.com,7892323545
NetGear Pro,sales@netgearpro.com,9256476542
OptiTech Co.,info@optitech.com,8920332194
DataConnect Ltd.,orders@dataconnect.com,8976422194
RF Solutions,support@rfsolutions.com,9055323545
CardHub Systems,cards@cardhub.com,8976422224
SignalWorks Inc.,inquiries@signalworks.com,9055325545
TechSupplies Inc.,contact@techsupplies.com,7892323545
NetGear Pro,sales@netgearpro.com,9256476542
